Product Name,Category,Reason to Remove/Replace,Reddit Mentions (Est),Current Status,Suggested Action,Alternative Available,Notes
Logitech C920,Streaming,Older 1080p model - superseded by C920 Pro and Elgato Facecam Pro 2,9,OUTDATED,REPLACE with Elgato Facecam Pro 2,YES - C920 Pro or Facecam Pro 2,Still has affiliate sales but conversion declining
RED Komodo 6K,Cameras,Niche cinema-only camera - rarely mentioned on creator Reddit - requires massive investment + RED ecosystem lock-in,2,NICHE,CONSIDER REMOVING,YES - Blackmagic Pocket Cinema + Sony FX30,Alienates 90% of audience - targets <1% of buyers
Panasonic Lumix S1H,Cameras,Older model - S5 II better value + AF improvements + newer design,3,OUTDATED,REPLACE with Panasonic S5 II,YES - S5 II in catalog,S1H still good but S5 II addresses complaints
DaVinci Micro Panel,Accessories,Niche grading panel - only for DaVinci users + $2k price point + low demand,1,ULTRA-NICHE,REMOVE,NO,Overkill for 99% of creators - niche product
Neewer LED Panel Light (Basic),Lighting,Budget panel but specs aging - newer RGB panels offer same price with better features,4,OUTDATED,REPLACE with Neewer 660 RGB,YES - Neewer 660 RGB,Too basic - RGB trend makes this obsolete
Kino Flo Diva-Lite 31,Lighting,Professional soft light - but fluoros outdated vs modern LED - rarely mentioned vs Aputure/Nanlite,2,LEGACY,CONSIDER REMOVING,YES - Aputure/Nanlite bi-color,Fluorescent tech phase-out - LED standard now
Miller Air Tripod System,Tripods,Ultra-specialist ENG tripod - $1295 price + niche broadcast use + rarely mentioned on creator reddit,1,ULTRA-NICHE,REMOVE,PARTIAL - Manfrotto/Gitzo cover professional,Only appeals to professional broadcast ops - wrong audience
Sachtler Ace XL Fluid Head Tripod,Tripods,Mid-range tripod but overshadowed by Manfrotto/Gitzo + newer gimbal options like RS 4,3,OUTDATED,CONSIDER REMOVING,YES - Manfrotto 504X or DJI RS 4,Professional but niche - limited demand
Edelkrone SliderPLUS v5 PRO,Tripods,Expensive motorized slider ($699) - rarely mentioned vs gimbal stabilization + niche workflow,2,NICHE,REMOVE,PARTIAL - DJI RS 4 gimbal achieves similar results,Requires additional gear purchase - overcomplicated for most
LiteGear LiteMat Spectrum 4,Lighting,Expensive flexible LED mat ($2100) - specialized film set use + rarely mentioned on creator reddit,1,ULTRA-NICHE,REMOVE,NO,Professional tech but wrong audience - overkill
ARRI SkyPanel S60-C,Lighting,Industry standard BUT $5000 price + broadcast only + 0 mentions creator reddit,0,PROFESSIONAL-ONLY,REMOVE,NO,Hollywood standard but zero affiliate conversion potential - niche market
Fujifilm X-H2S,Cameras,APS-C when creators want full-frame value ($2499 full-frame options) + older generation vs X-S20,4,AGING,REPLACE with Fujifilm X-S20,YES - newer Fujifilm model,Still competent but expensive for crop sensor
Blackmagic Pocket Cinema Camera 6K Pro,Cameras,Niche cinema camera - specialist use + poor ergonomics + autofocus issues rarely praised on reddit,3,NICHE,CONSIDER REMOVING,PARTIAL - DCI 4K systems,RAW capture is powerful but workflow too complex for typical creators
Neumann U87 Ai,Audio,Legendary mic BUT $3200 price + requires treated studio + 0 mentions on beginner reddit,0,ULTRA-PROFESSIONAL,REMOVE,NO,Professional studio standard but wrong affiliate audience - luxury item
Sony a6700,Cameras,Good APS-C but overshadowed by $1398 value - mention count low vs full-frame alternatives at similar price,5,AGING,KEEP but note outdated status,PARTIAL - Canon EOS R50 fills budget full-frame gap,Competent but Reddit prefers full-frame value at this price
Benro S8 Pro Fluid Video Head,Tripods,Budget tripod option ($349) but low quality perception vs Manfrotto - rarely recommended,2,BUDGET-TIER,KEEP but monitor,YES - Manfrotto alternatives,Budget option for beginners - keep but not priority
DJI Osmo Pocket 3 (evaluate price),Cameras,Still popular BUT price creep vs newer alternatives - Pocket 4 likely imminent,15,CURRENT but aging,MONITOR for Pocket 4 release,YES - Pocket 4 expected 2026,Current model still hot but replacement cycle fast
Panasonic Lumix S5 II vs S1H Decision,Cameras,Keep S5 II - S1H is cinematography-specific whereas S5 II hits creators sweet spot,14 vs 3,DECISION MADE,KEEP S5 II / REMOVE S1H,MUTUAL,S5 II addresses value creators care about